Timestamp,Mag_X (uT),Mag_Y (uT),Mag_Z (uT),Mag_Total (uT)
2025-04-29 14:45:57,-107.01549254603917,22.902660040923706,17.334112832505117,110.80306380922644
2025-04-29 14:45:58,-107.38088278281204,21.601870798012275,17.9041216018708,110.98582062373829
2025-04-29 14:45:59,-107.05933937445191,21.587255188541363,17.334112832505117,110.58111593558502
2025-04-29 14:46:00,-107.45396083016662,23.107278573516517,17.831043554516224,111.34741189362298
2025-04-29 14:46:01,-106.89856767027186,23.44343759134756,17.597193802981582,110.84475524712386
2025-04-29 14:46:02,-103.96083016661794,24.291142940660627,17.071031862028647,108.11722324926026
2025-04-29 14:46:03,-72.94650686933645,57.70242619117217,16.0479391990646,94.38378677147202
2025-04-29 14:46:04,-28.588132125109617,96.1707103186203,-2.8500438468284126,100.3703620174778
2025-04-29 14:46:05,-40.456007015492546,94.12452499269219,-8.857059339374452,102.83269037071199
2025-04-29 14:46:06,-43.10143232972815,96.00993861444023,-8.067816427945045,105.54966339850515
2025-04-29 14:46:07,-42.63373282665887,96.12686349020754,-7.600116924875768,105.43135604018242
2025-04-29 14:46:08,-44.329143525285005,95.08915521777259,-8.725518854136217,105.27656474728292
2025-04-29 14:46:09,-44.709149371528795,95.05992399883075,-7.600116924875768,105.3235916851535
2025-04-29 14:46:10,-45.81993569131833,95.16223326512716,-8.097047646886875,105.92865206052127
2025-04-29 14:46:11,-47.03303127740427,95.22069570301082,-8.345513007892428,106.53043935266378
2025-04-29 14:46:12,-47.17918737211342,94.73838059047063,-8.082432037415959,106.14406335559845
2025-04-29 14:46:13,-47.924583455130076,94.76761180941246,-7.629348143817598,106.47005635626756
2025-04-29 14:46:14,-48.9184448991523,94.40222157263958,-8.316281788950599,106.64874228979153
2025-04-29 14:46:15,-49.23998830751242,95.54223911137095,-9.14937152879275,107.8731055560663
2025-04-29 14:46:16,-49.8976907337036,95.74685764396375,-8.082432037415959,108.27079937309615
2025-04-29 14:46:17,-48.99152294650687,95.99532300496931,-7.6147325343466825,108.04284109100489
2025-04-29 14:46:18,-49.79538146740719,96.02455422391114,-8.37474422683426,108.49161889404334
2025-04-29 14:46:19,-48.75767319497223,96.36071324174218,-8.477053493130663,108.32616575772622
2025-04-29 14:46:20,-49.47383805904707,96.49225372698041,-8.813212510961707,108.79378840893514
2025-04-29 14:46:21,-48.976907337035954,96.05378544285297,-7.673194972230342,108.09229885280496
2025-04-29 14:46:22,-49.92692195264542,95.55685472084186,-8.22858813212511,108.12733087639671
2025-04-29 14:46:23,-49.73691902952353,95.48377667348728,-7.965507161648641,107.95537053210484
2025-04-29 14:46:24,-49.40076001169248,95.43992984507454,-7.687810581701257,107.74190331577452
2025-04-29 14:46:25,-50.13154048523823,95.57147033031276,-7.746273019584916,108.19927004474144
2025-04-29 14:46:26,-50.04384682841274,95.51300789242912,-7.950891552177726,108.12186623675784
2025-04-29 14:46:27,-49.44460684010523,96.27301958491668,-8.170125694241449,108.53577474468976
2025-04-29 14:46:28,-50.04384682841274,96.27301958491668,-8.170125694241449,108.81007241631214
2025-04-29 14:46:29,-49.82461268634902,95.17684887459808,-8.257819351066939,107.7465367029383
2025-04-29 14:46:30,-49.561531715872555,95.57147033031276,-8.009353990061385,107.95555158702774
2025-04-29 14:46:31,-51.05232388190587,100.87693656825489,-9.456299327681965,113.45447413880801
2025-04-29 14:46:32,-81.05817012569425,83.03127740426775,-0.3653902367728734,116.03772438968107
2025-04-29 14:46:33,-85.67670271850336,78.6758257819351,-0.5700087693656825,116.3215709195047
2025-04-29 14:46:34,-84.63899444606841,79.72814966384098,-0.21923414206372407,116.27719162961613
2025-04-29 14:46:35,-84.30283542823736,80.37123648056124,-0.6577024261911721,116.47719213277846
2025-04-29 14:46:36,-83.35282081262788,81.42356036246711,-0.9938614440222158,116.52672088449195
2025-04-29 14:46:37,-83.57205495469161,81.37971353405436,-1.2277111955568547,116.65527600162129
2025-04-29 14:46:38,-83.61590178310435,81.04355451622332,-1.198479976615025,116.45219239619391
2025-04-29 14:46:39,-82.92896813797135,81.35048231511254,-1.4907921660333234,116.17804091398862
2025-04-29 14:46:40,-82.73896521484946,80.98509207833968,-1.8415667933352822,115.79167876844838
2025-04-29 14:46:41,-83.25051154633148,80.7220111078632,-2.6746565331774335,115.99070884167546
2025-04-29 14:46:42,-49.85384390529085,100.5846243788366,-15.171002630809705,113.28208920384894
2025-04-29 14:46:43,-48.377667348728444,101.7684887459807,-14.089447529962,113.55939649119566
2025-04-29 14:46:44,-48.74305758550131,102.39695995323007,-13.402513884828998,114.19566738226075
2025-04-29 14:46:45,-49.10844782227419,102.61619409529376,-14.235603624671148,114.64892214353686
2025-04-29 14:46:46,-49.283835135925166,102.30926629640456,-13.855597778427361,114.40305924935414
2025-04-29 14:46:47,-50.67231803566209,102.7331189710611,-13.650979245834552,115.36085463882316
2025-04-29 14:46:48,-49.38614440222157,102.29465068693364,-13.680210464776382,114.41300178056439
2025-04-29 14:46:49,-49.67845659163987,101.90002923121895,-14.425606547793043,114.27888313648525
2025-04-29 14:46:50,-48.88921368021046,101.71002630809704,-14.089447529962,113.72597415525894
2025-04-29 14:46:51,-49.049985384390524,101.79771996492252,-13.577901198479978,113.81140653388566
2025-04-29 14:46:52,-48.87459807073955,100.686933645133,-14.527915814089448,112.86117703327847
2025-04-29 14:46:53,-47.851505407775505,100.96463022508037,-13.417129494299912,112.53285071544396
2025-04-29 14:46:55,-47.17918737211342,100.08769365682548,-14.294066062554808,111.56945131726789
2025-04-29 14:46:56,-48.28997369190296,99.42999123063431,-14.951768488745982,111.54281732245136
2025-04-29 14:46:57,-47.86612101724642,99.63460976322712,-14.294066062554808,111.45645485349385
2025-04-29 14:46:58,-48.77228880444315,99.21075708857059,-15.653317743349898,111.65364675497905
2025-04-29 14:46:59,-48.9184448991523,97.86612101724643,-15.828705057000878,110.55016869320123
2025-04-29 14:47:00,-48.84536685179772,98.65536392867583,-15.945629932768195,111.23404968236552
2025-04-29 14:47:01,-49.06460099386145,98.85998246126863,-15.726395790704473,111.48071908404188
2025-04-29 14:47:02,-48.348436129786606,99.38614440222157,-15.024846536100556,111.5388855456637
2025-04-29 14:47:03,-48.304589301373866,98.87459807073955,-15.317158725518853,111.1041621301715
2025-04-29 14:47:04,-48.099970768781056,99.56153171587255,-14.776381175095002,111.5546826726695
2025-04-29 14:47:05,-46.79918152586963,100.43846828412745,-15.12715580239696,111.83416358797952
2025-04-29 14:47:06,-47.17918737211342,100.64308681672026,-14.440222157263957,112.08669261353916
2025-04-29 14:47:07,-46.55071616486408,101.28617363344053,-14.907921660333237,112.46379094177749
2025-04-29 14:47:08,-46.287635194387605,100.5846243788366,-15.024846536100556,111.73879293581855
2025-04-29 14:47:09,-46.916106401636945,100.67231803566207,-14.995615317158725,112.07544395318457
2025-04-29 14:47:10,-46.243788365974865,100.46769950306928,-14.849459222449577,111.59190403015486
2025-04-29 14:47:11,-47.10610932475884,100.36539023677287,-14.410990938322128,111.80283427945929
2025-04-29 14:47:12,-46.916106401636945,100.20461853259282,-13.73867290266004,111.4936668527789
2025-04-29 14:47:13,-47.36919029523531,100.1023092662964,-15.12715580239696,111.77273080828552
2025-04-29 14:47:14,-47.00380005846244,100.3069277988892,-13.957907044723767,111.64972079435145
2025-04-29 14:47:15,-46.916106401636945,100.46769950306928,-14.308681672025724,111.80169074982771
2025-04-29 14:47:16,-46.97456883952061,100.35077462730196,-15.492546039169833,111.87898403513597
2025-04-29 14:47:17,-48.11458637825197,100.23384975153465,-14.83484361297866,112.16911626372487
2025-04-29 14:47:18,-47.4568839520608,99.45922244957615,-14.17714118678749,111.10933397759048
2025-04-29 14:47:19,-48.01227711195557,99.67845659163987,-14.20637240572932,111.54727463679654
2025-04-29 14:47:20,-48.21689564454838,99.0207541654487,-14.92253726980415,111.14252516323438
2025-04-29 14:47:21,-47.76381175095001,98.97690733703595,-14.337912890967552,110.83043645611689
2025-04-29 14:47:22,-48.75767319497223,99.00613855597778,-14.937152879275065,111.36716169182019
2025-04-29 14:47:23,-48.3338205203157,98.9330605086232,-14.966384098216896,111.12111104856876
2025-04-29 14:47:24,-49.313066354867,98.40689856767028,-15.185618240280618,111.11390192215737
2025-04-29 14:47:25,-49.15229465068693,98.3338205203157,-14.980999707687811,110.95007291476355
2025-04-29 14:47:26,-47.61765565624086,99.73691902952353,-14.776381175095002,111.50441959101785
2025-04-29 14:47:27,-48.40689856767027,99.23998830751243,-14.308681672025724,111.33975695773404
2025-04-29 14:47:28,-48.903829289681376,98.1292019877229,-15.112540192926044,110.67661755323218
2025-04-29 14:47:29,-48.78690441391406,98.05612394036831,-15.112540192926044,110.56018431417371
2025-04-29 14:47:30,-48.582285881321255,98.65536392867583,-14.732534346682257,110.95119152866305
2025-04-29 14:47:31,-48.87459807073955,98.96229172756505,-15.229465068693365,111.41902048944148
2025-04-29 14:47:32,-48.56767027185034,98.46536100555393,-15.171002630809705,110.83503613214222
2025-04-29 14:47:33,-48.830751242326805,98.11458637825197,-14.820228003507745,110.59183281391725
2025-04-29 14:47:34,-48.655363928675825,98.07073954983923,-14.966384098216896,110.49528065876682
2025-04-29 14:47:35,-49.82461268634902,98.53843905290852,-15.667933352820812,111.52488572456325
2025-04-29 14:47:36,-49.0207541654487,98.07073954983923,-15.024846536100556,110.66458470637808
2025-04-29 14:47:37,-49.53230049693072,97.47149956153172,-14.498684595147617,110.29212970235679
2025-04-29 14:47:38,-50.33615901783104,97.55919321835721,-14.308681672025724,110.70800990568159
2025-04-29 14:47:39,-49.72230342005262,97.60304004676995,-14.352528500438469,110.47468469347652
2025-04-29 14:47:40,-49.92692195264542,97.73458053200818,-15.258696287635196,110.80421282528671
2025-04-29 14:47:41,-50.0,97.16457176264251,-15.609470914937154,110.38391906460821
2025-04-29 14:47:42,-49.605378544285294,97.98304589301374,-15.536392867582578,110.91776398003228
2025-04-29 14:47:43,-49.54691610640164,97.42765273311898,-15.931014323297282,110.45741998665879
2025-04-29 14:47:44,-48.88921368021046,98.08535515931014,-15.083308973984217,110.62729464558898
2025-04-29 14:47:45,-49.254603916983335,97.31072785735165,-15.12715580239696,110.11005678781778
2025-04-29 14:47:46,-51.21309558608594,96.34609763227127,-15.536392867582578,110.21220981276346
2025-04-29 14:47:47,-50.160771704180064,97.61765565624087,-16.237942122186492,110.94584479890523
2025-04-29 14:47:48,-49.69307220111079,98.58228588132125,-14.790996784565916,111.38510717439922
2025-04-29 14:47:49,-49.19614147909968,98.78690441391406,-14.600993861444023,111.3207161397074
2025-04-29 14:47:50,-49.16691026015785,99.16691026015785,-15.12715580239696,111.71522724206672
2025-04-29 14:47:51,-43.40836012861736,104.6039169833382,-11.89710610932476,113.87627633132978
2025-04-29 14:47:52,-47.58842443729904,98.75767319497223,-14.440222157263957,110.57240239436146
2025-04-29 14:47:53,-48.56767027185034,97.52996199941538,-15.784858228588133,110.09120688110931
2025-04-29 14:47:54,-48.78690441391406,97.35457468576439,-15.463314820228003,109.98722362060035
2025-04-29 14:47:55,-49.26921952645426,97.71996492253727,-15.12715580239696,110.47840684893066
2025-04-29 14:47:56,-49.561531715872555,97.55919321835721,-14.557147033031278,110.39045310705762
2025-04-29 14:47:57,-49.85384390529085,97.63227126571178,-14.571762642502192,110.58843705896226
2025-04-29 14:47:58,-49.44460684010523,98.05612394036831,-15.521777258111664,110.90851255441073
2025-04-29 14:47:59,-49.415375621163406,98.53843905290852,-15.287927506577024,111.28982004752632
2025-04-29 14:48:00,-49.32768196433791,99.12306343174511,-14.235603624671148,111.62998845573435
2025-04-29 14:48:01,-49.37152879275066,98.87459807073955,-15.653317743349898,111.61881720999364
2025-04-29 14:48:02,-48.94767611809412,99.00613855597778,-15.361005553931598,111.50807576474104
2025-04-29 14:48:03,-48.1438175971938,100.32154340836013,-14.00175387313651,112.15296855719535
2025-04-29 14:48:04,-48.026892721426485,99.76615024846535,-14.308681672025724,111.6449977879266
2025-04-29 14:48:05,-48.12920198772289,99.75153463899444,-13.899444606840106,111.62429532672604
2025-04-29 14:48:06,-48.9184448991523,99.59076293481438,-14.279450453083895,111.87152014043554
2025-04-29 14:48:07,-46.88687518269512,103.06927798889214,-13.577901198479978,114.04391492098489
2025-04-29 14:48:08,-44.41683718211049,103.99006138555977,-12.700964630225082,113.78973062088174
2025-04-29 14:48:09,-44.66530254311605,104.85238234434375,-12.78865828705057,114.6846158616555
2025-04-29 14:48:10,-44.79684302835428,103.59543992984509,-11.590178310435546,113.45970453351642
2025-04-29 14:48:11,-44.21221864951769,104.13621748026894,-12.394036831335868,113.80985993307935
2025-04-29 14:48:12,-44.69453376205787,103.28851213095587,-11.75095001461561,113.15565789071417
2025-04-29 14:48:13,-45.43992984507454,102.95235311312483,-11.999415375621163,113.17225899137797
2025-04-29 14:48:14,-46.11224788073663,102.45542239111371,-13.095586085939784,113.11475304702869
2025-04-29 14:48:15,-45.35223618824905,103.37620578778134,-12.861736334405144,113.6172940704372
2025-04-29 14:48:16,-47.98304589301374,100.01461560947091,-14.878690441391406,111.92261370220068
2025-04-29 14:48:17,-49.181525869628764,98.01227711195557,-14.425606547793043,110.60437186570638
2025-04-29 14:48:18,-50.0,97.76381175095001,-14.747149956153171,110.79368808693236
2025-04-29 14:48:19,-48.99152294650687,99.50306927798889,-14.294066062554808,111.82732421442913
2025-04-29 14:48:20,-48.9184448991523,98.91844489915229,-15.0686933645133,111.37745962416163
2025-04-29 14:48:21,-48.75767319497223,99.26921952645425,-14.191756796258403,111.50378738743912
2025-04-29 14:48:22,-49.40076001169248,98.80152002338497,-15.770242619117218,111.58349340708955
2025-04-29 14:48:23,-48.53843905290851,100.08769365682548,-13.694826074247295,112.07620063349462
2025-04-29 14:48:24,-47.63227126571178,100.07307804735457,-13.270973399590764,111.62245719735307
2025-04-29 14:48:25,-50.584624378836594,97.63227126571178,-14.937152879275065,110.96838807601179
2025-04-29 14:48:26,-50.716164864074834,97.13534054370068,-15.901783104355452,110.72610562536137
2025-04-29 14:48:27,-48.78690441391406,97.71996492253727,-14.68868751826951,110.20485981917345
2025-04-29 14:48:28,-49.10844782227419,97.61765565624087,-14.396375328851214,110.2184284316493
2025-04-29 14:48:29,-49.50306927798889,98.7284419760304,-14.513300204618531,111.39342442794883
2025-04-29 14:48:30,-47.22303420052616,100.17538731365099,-13.811750950014615,111.60594808006104
2025-04-29 14:48:31,-46.53610055539316,101.00847705349314,-13.548669979538147,112.0352067422654
2025-04-29 14:48:32,-46.916106401636945,99.82461268634903,-13.241742180648933,111.09193523315764
2025-04-29 14:48:33,-47.32534346682257,99.86845951476177,-14.074831920491086,111.40690388703212
2025-04-29 14:48:34,-47.22303420052616,100.36539023677287,-13.08097047646887,111.68857732592897
2025-04-29 14:48:35,-46.95995323004969,99.88307512423268,-13.694826074247295,111.21786801069982
2025-04-29 14:48:36,-48.68459514761766,98.85998246126863,-14.600993861444023,111.16058185648231
2025-04-29 14:48:37,-49.13767904121602,98.9330605086232,-14.527915814089448,111.41509009582916
2025-04-29 14:48:38,-48.94767611809412,100.27769657994739,-13.73867290266004,112.42883332076394
2025-04-29 14:48:39,-47.44226834258989,100.61385559777843,-13.285589009061678,112.02867328973693
2025-04-29 14:48:40,-48.36305173925753,99.51768488745981,-12.67173341128325,111.3702258529652
2025-04-29 14:48:41,-48.68459514761766,99.2253726980415,-14.045600701549255,111.41428674465423
2025-04-29 14:48:42,-45.7907044723765,100.54077755042385,-13.446360713241742,111.29259266883373
2025-04-29 14:48:43,-48.74305758550131,99.21075708857059,-13.694826074247295,111.38315961614099
2025-04-29 14:48:44,-49.40076001169248,98.80152002338497,-14.220988015200234,111.37509572966769
2025-04-29 14:48:45,-49.32768196433791,98.4361297866121,-14.776381175095002,111.0911035860807
2025-04-29 14:48:46,-48.64074831920491,100.02923121894183,-14.557147033031278,112.17700310244544
2025-04-29 14:48:47,-48.830751242326805,99.94153756211634,-14.68868751826951,112.19853269173923
2025-04-29 14:48:48,-48.59690149079216,99.7953814674072,-14.279450453083895,111.91371543279739
2025-04-29 14:48:49,-48.479976615024846,99.56153171587255,-14.060216311020168,111.62659366350265
2025-04-29 14:48:50,-48.99152294650687,99.42999123063431,-14.527915814089448,111.79245419366816
2025-04-29 14:48:51,-48.976907337035954,99.2253726980415,-14.542531423560362,111.60599114550745
2025-04-29 14:48:52,-48.56767027185034,99.26921952645425,-14.279450453083895,111.43203868846975
2025-04-29 14:48:53,-48.81613563285589,99.28383513592517,-14.367144109909383,111.56482352111645
2025-04-29 14:48:54,-48.976907337035954,99.8976907337036,-13.7971353405437,112.10997729833227
2025-04-29 14:48:55,-48.99152294650687,100.13154048523822,-14.074831920491086,112.35922576341956
2025-04-29 14:48:56,-48.436129786612106,100.36539023677287,-14.367144109909383,112.36407368888038
2025-04-29 14:48:57,-48.84536685179772,100.35077462730196,-13.928675825781935,112.47291158961777
2025-04-29 14:48:58,-48.18766442560655,100.08769365682548,-14.440222157263957,112.01837992172779
2025-04-29 14:48:59,-48.246126863490204,99.88307512423268,-15.667933352820812,112.02589695757644
2025-04-29 14:49:00,-48.55305466237942,99.8976907337036,-14.86407483192049,112.06198486366208
2025-04-29 14:49:01,-45.76147325343467,102.49926921952645,-12.467114878690442,112.9408764719853
2025-04-29 14:49:02,-45.43992984507454,102.39695995323007,-13.387898275358081,112.82358109996346
2025-04-29 14:49:03,-46.85764396375329,103.18620286465945,-13.285589009061678,114.10319073005023
2025-04-29 14:49:04,-45.308389359836305,102.52850043846828,-13.066354866997953,112.8524398409438
2025-04-29 14:49:05,-45.96609178602748,102.87927506577023,-12.832505115463313,113.40943532033967
2025-04-29 14:49:06,-45.42531423560362,103.09850920783397,-13.373282665887167,113.45310248531274
2025-04-29 14:49:07,-47.13534054370067,101.47617655656241,-14.308681672025724,112.80023540711527
2025-04-29 14:49:08,-48.801520023384974,99.50306927798889,-14.644840689856768,111.78962613393242
2025-04-29 14:49:09,-49.51768488745981,98.69921075708858,-14.674071908798597,111.39507936650769
2025-04-29 14:49:10,-46.916106401636945,101.34463607132417,-13.899444606840106,112.53910813889311
2025-04-29 14:49:11,-47.22303420052616,100.51154633148202,-14.32329728149664,111.97206236407298
2025-04-29 14:49:12,-48.46536100555393,99.07921660333236,-14.966384098216896,111.30846793080964
2025-04-29 14:49:13,-49.429991230634315,98.56767027185033,-15.346389944460684,111.33023551671953
2025-04-29 14:49:14,-48.12920198772289,100.52616194095295,-14.674071908798597,112.41555810891265
2025-04-29 14:49:15,-46.214557147033034,102.03156971645717,-13.285589009061678,112.7950946912956
2025-04-29 14:49:16,-46.74071908798597,101.46156094709148,-13.007892429114293,112.46487645540623
2025-04-29 14:49:17,-46.41917567962584,101.59310143232973,-13.694826074247295,112.53197941305167
2025-04-29 14:49:18,-46.594562993276824,101.41771411867875,-14.659456299327683,112.56778267596991
2025-04-29 14:49:19,-46.594562993276824,101.69541069862613,-13.460976322712655,112.66857477245958
2025-04-29 14:49:20,-47.047646886875185,101.21309558608593,-13.694826074247295,112.45052270627356
2025-04-29 14:49:21,-49.035369774919616,99.35691318327974,-14.717918737211342,111.77155639172268
2025-04-29 14:49:22,-49.64922537269804,98.15843320666472,-14.732534346682257,110.98275162372032
2025-04-29 14:49:23,-50.42385267465653,98.47997661502484,-14.074831920491086,111.53013765902641
2025-04-29 14:49:24,-49.313066354867,99.09383221280328,-13.91406021631102,111.55701308139194
2025-04-29 14:49:25,-49.07921660333236,99.07921660333236,-14.14790996784566,111.47028313225518
2025-04-29 14:49:26,-48.94767611809412,99.4153756211634,-14.045600701549255,111.69857119196384
2025-04-29 14:49:27,-48.07073954983923,101.24232680502776,-14.118678748903829,112.96079774585193
2025-04-29 14:49:28,-46.638409821689564,102.03156971645717,-12.993276819643379,112.93541398521552
2025-04-29 14:49:29,-44.855305466237944,103.44928383513592,-12.028646594562993,113.39506644192649
2025-04-29 14:49:30,-46.88687518269512,102.11926337328268,-12.642502192341421,113.07765419384532
2025-04-29 14:49:31,-49.26921952645426,99.83922829581994,-14.294066062554808,112.24815287590026
2025-04-29 14:49:32,-48.56767027185034,99.85384390529084,-14.191756796258403,111.94201489727399
2025-04-29 14:49:33,-47.7491961414791,101.00847705349314,-14.790996784565916,112.70080636226402
2025-04-29 14:49:34,-47.90996784565916,100.86232095878398,-13.928675825781935,112.5281334530373
2025-04-29 14:49:35,-47.79304296989185,100.97924583455129,-13.358667056416252,112.51416369133645
2025-04-29 14:49:36,-47.77842736042093,100.87693656825489,-13.607132417421807,112.4459359205836
2025-04-29 14:49:37,-48.61151710026308,100.24846536100556,-13.621748026892721,112.24253392245765
2025-04-29 14:49:38,-48.75767319497223,99.8099970768781,-14.747149956153171,112.05723824770713
2025-04-29 14:49:39,-48.64074831920491,99.6930722011108,-14.235603624671148,111.83596672138565
2025-04-29 14:49:40,-49.06460099386145,98.87459807073955,-14.118678748903829,111.27829215058915
2025-04-29 14:49:41,-49.23998830751242,99.09383221280328,-14.14790996784566,111.5541455419808
2025-04-29 14:49:42,-49.13767904121602,99.50306927798889,-14.250219234142063,111.88583934313998
2025-04-29 14:49:43,-49.51768488745981,99.40076001169248,-14.074831920491086,111.94022110531105
2025-04-29 14:49:44,-49.10844782227419,100.45308389359838,-13.534054370067231,112.63051246859918
2025-04-29 14:49:45,-49.40076001169248,100.43846828412745,-13.402513884828998,112.7295364109493
2025-04-29 14:49:46,-48.52382344343759,100.73078047354575,-14.220988015200234,112.70975147034989
2025-04-29 14:49:47,-49.049985384390524,100.57000876936569,-13.928675825781935,112.75741989039541
2025-04-29 14:49:48,-49.210757088570595,100.43846828412745,-14.104063139432915,112.73202349613479
2025-04-29 14:49:49,-48.66997953814674,101.18386436714411,-14.074831920491086,113.15936642674487
2025-04-29 14:49:50,-46.25840397544578,102.90850628471206,-12.320958783981292,113.49804680902102
2025-04-29 14:49:51,-46.34609763227127,102.70388775211927,-12.700964630225082,113.39031628705409
2025-04-29 14:49:52,-46.43379128909675,102.01695410698626,-12.87635194387606,112.82444920374706
2025-04-29 14:49:53,-46.95995323004969,101.38848289973691,-13.007892429114293,112.49029708168659
2025-04-29 14:49:54,-46.94533762057878,101.34463607132417,-12.394036831335868,112.37531816958642
2025-04-29 14:49:55,-47.33995907629348,101.6661794796843,-13.285589009061678,112.93179645546343
2025-04-29 14:49:56,-47.96843028354282,101.08155510084771,-14.045600701549255,112.76404561978158
2025-04-29 14:49:57,-47.63227126571178,100.96463022508037,-14.557147033031278,112.58152757961165
2025-04-29 14:49:58,-48.026892721426485,101.21309558608593,-13.329435837474424,112.81997607843623
2025-04-29 14:49:59,-48.348436129786606,100.89155217772581,-14.586378251973105,112.82481556615308
2025-04-29 14:50:00,-48.377667348728444,100.96463022508037,-13.753288512130958,112.79808597440541
2025-04-29 14:50:01,-48.40689856767027,100.54077755042385,-13.621748026892721,112.41542509234526
2025-04-29 14:50:02,-48.21689564454838,100.0,-13.76790412160187,111.86788730238402
2025-04-29 14:50:03,-49.23998830751242,99.95615317158726,-14.3817597193803,112.35054079981887
2025-04-29 14:50:04,-49.15229465068693,99.59076293481438,-14.586378251973105,112.013528477037
2025-04-29 14:50:05,-49.283835135925166,99.78076585793627,-14.118678748903829,112.18036695659406
2025-04-29 14:50:06,-49.57614732534347,99.25460391698334,-15.463314820228003,112.01957368054428
2025-04-29 14:50:07,-50.058462437883655,98.94767611809414,-13.76790412160187,111.74098377371611
2025-04-29 14:50:08,-49.839228295819936,98.08535515931014,-14.790996784565916,111.01107674341289
2025-04-29 14:50:09,-49.73691902952353,98.49459222449576,-14.878690441391406,111.33876791697415
2025-04-29 14:50:10,-50.394621455714706,98.59690149079216,-15.171002630809705,111.763706882305
2025-04-29 14:50:11,-50.38000584624379,98.11458637825197,-14.659456299327683,111.26327654817165
2025-04-29 14:50:12,-50.17538731365098,98.52382344343759,-15.463314820228003,111.64061708544088
2025-04-29 14:50:13,-50.482315112540185,98.15843320666472,-15.112540192926044,111.40884623669643
2025-04-29 14:50:14,-50.87693656825489,97.89535223618824,-14.571762642502192,111.28476504233193
2025-04-29 14:50:15,-50.73078047354574,97.67611809412452,-16.091786027477344,111.23480440467617
2025-04-29 14:50:16,-50.584624378836594,97.52996199941538,-15.361005553931598,110.93627992132832
2025-04-29 14:50:17,-50.08769365682549,98.07073954983923,-14.118678748903829,111.0224486368732
2025-04-29 14:50:18,-50.02923121894183,98.80152002338497,-15.083308973984217,111.76837900271417
2025-04-29 14:50:19,-50.80385852090033,98.08535515931014,-16.004092370651858,111.61496275118324
2025-04-29 14:50:20,-50.59923998830751,98.37766734872844,-15.755627009646304,111.74385129768216
2025-04-29 14:50:21,-50.14615609470915,98.58228588132125,-15.463314820228003,111.67908562435032
2025-04-29 14:50:22,-50.17538731365098,98.55305466237942,-15.0686933645133,111.61245268819498
2025-04-29 14:50:23,-50.32154340836013,99.18152586962876,-14.454837766734874,112.15246381462127
2025-04-29 14:50:24,-50.04384682841274,97.7491961414791,-15.346389944460684,110.88193557121211
2025-04-29 14:50:25,-51.037708272434955,97.20841859105525,-15.843320666471792,110.92941503684513
2025-04-29 14:50:26,-51.2715580239696,97.44226834258988,-15.945629932768195,111.25660176325434
2025-04-29 14:50:27,-54.42852966968723,93.97836889798305,-18.064893306050863,110.09422797262539
2025-04-29 14:50:28,-53.80005846243788,94.92838351359252,-15.81408944752996,110.25393286463716
2025-04-29 14:50:29,-52.55773165741011,95.81993569131832,-16.515638702133877,110.52846490655757
2025-04-29 14:50:30,-52.30926629640456,96.34609763227127,-15.872551885413621,110.77349761017055
2025-04-29 14:50:31,-52.002338497515346,96.12686349020754,-15.33177433498977,110.36158932316177
2025-04-29 14:50:32,-51.1838643671441,97.20841859105525,-14.849459222449577,110.85923983018833
2025-04-29 14:50:33,-50.46769950306928,98.4361297866121,-15.799473838059047,111.74204094278194
2025-04-29 14:50:34,-50.0,99.2253726980415,-15.0686933645133,112.12823064143555
2025-04-29 14:50:35,-49.780765857936274,98.55305466237942,-14.776381175095002,111.3964571847791
2025-04-29 14:50:36,-49.97076878105817,98.99152294650688,-14.630225080385854,111.85009089733244
2025-04-29 14:50:37,-50.686933645133,98.28997369190296,-16.091786027477344,111.75432764888886
2025-04-29 14:50:38,-50.993861444022215,98.71382636655949,-15.448699210757088,112.17600335278414
2025-04-29 14:50:39,-51.28617363344051,98.30458930137387,-15.551008477053493,111.9638233909712
2025-04-29 14:50:40,-50.584624378836594,97.88073662671734,-15.171002630809705,111.21871311501869
2025-04-29 14:50:41,-51.82695118386437,97.60304004676995,-15.50716164864075,111.5923758945167
2025-04-29 14:50:42,-50.93539900613856,97.67611809412452,-15.448699210757088,111.23713959445536
2025-04-29 14:50:43,-51.75387313650979,97.00380005846245,-15.112540192926044,110.98013102125495
2025-04-29 14:50:44,-51.9584916691026,96.63840982168956,-16.150248465361006,110.90310020412382
2025-04-29 14:50:45,-52.19234142063725,96.7699503069278,-15.974861151710027,111.102025067908
2025-04-29 14:50:46,-53.14235603624671,95.77608886290558,-15.843320666471792,110.67149593594118
2025-04-29 14:50:47,-55.37854428529669,93.02835428237357,-17.524115755627008,109.67293422108298
2025-04-29 14:50:48,-53.84390529085062,93.75913475591932,-16.822566501023093,109.42093141090544
2025-04-29 14:50:49,-53.85852090032154,95.1183864367144,-16.340251388482898,110.5226290283276
2025-04-29 14:50:50,-52.30926629640456,95.45454545454545,-15.419467991815258,109.934478584076
2025-04-29 14:50:51,-51.33002046185325,96.81379713534054,-15.361005553931598,110.65099551294178
2025-04-29 14:50:52,-51.520023384975154,96.75533469745689,-15.784858228588133,110.74777357266339
2025-04-29 14:50:53,-52.03156971645717,95.77608886290558,-15.916398713826366,110.15296270664363
2025-04-29 14:50:54,-52.39695995323005,95.36685179771996,-15.697164571762642,109.939432460522
2025-04-29 14:50:55,-52.32388190587548,95.55685472084186,-16.45717626425022,110.18048716734138
2025-04-29 14:50:56,-52.806197018415666,95.74685764396375,-15.624086524408067,110.45391469732245
2025-04-29 14:50:57,-53.06927798889214,95.4106986261327,-16.325635779011986,110.3905614723378
2025-04-29 14:50:58,-51.929260450160776,96.03916983338206,-15.843320666471792,110.32307574993769
2025-04-29 14:50:59,-52.075416544869924,96.1707103186203,-15.974861151710027,110.52533972047364
2025-04-29 14:51:00,-52.38234434375914,96.40456007015491,-15.492546039169833,110.80509096627311
2025-04-29 14:51:01,-51.651563870213394,96.25840397544577,-15.200233849751536,110.29329759883862
2025-04-29 14:51:02,-52.36772873428822,97.01841566793335,-15.0686933645133,111.27451420346719
2025-04-29 14:51:03,-51.53463899444607,97.14995615317159,-15.682548962291728,111.0849915101303
2025-04-29 14:51:04,-51.12540192926045,97.09149371528792,-15.112540192926044,110.76530930475042
2025-04-29 14:51:05,-50.73078047354574,97.31072785735165,-15.33177433498977,110.80637683744422
2025-04-29 14:51:06,-49.94153756211634,98.20228003507746,-14.279450453083895,111.09341872225433
2025-04-29 14:51:07,-50.496930722011115,97.58842443729904,-14.674071908798597,110.85472016509989
2025-04-29 14:51:09,-50.26308097047647,97.76381175095001,-11.66325635779012,110.54488566002227
2025-04-29 14:51:10,-50.10230926629641,98.56767027185033,-14.498684595147617,111.51698916140711
2025-04-29 14:51:11,-50.365390236772875,97.70534931306636,-15.653317743349898,111.03168094947048
2025-04-29 14:51:12,-50.686933645133,97.71996492253727,-14.995615317158725,111.10006870181601
2025-04-29 14:51:13,-51.16924875767319,98.15843320666472,-14.060216311020168,111.5843165983669
2025-04-29 14:51:14,-50.76001169248757,97.71996492253727,-15.404852382344345,111.18938712127705
2025-04-29 14:51:15,-51.50540777550424,97.8515054077755,-14.995615317158725,111.59118522279928
2025-04-29 14:51:16,-50.33615901783104,98.58228588132125,-13.928675825781935,111.56255646279646
2025-04-29 14:51:17,-50.67231803566209,97.82227418883367,-13.490207541654486,110.99039076469435
2025-04-29 14:51:18,-50.76001169248757,98.17304881613563,-14.527915814089448,111.47011545153299
2025-04-29 14:51:19,-50.27769657994738,99.2253726980415,-13.928675825781935,112.10499262169466
2025-04-29 14:51:20,-48.933060508623214,98.71382636655949,-14.045600701549255,111.06818998135874
2025-04-29 14:51:21,-50.496930722011115,97.70534931306636,-14.235603624671148,110.90053068985134
2025-04-29 14:51:22,-50.0,98.3484361297866,-14.469453376205788,111.27344683337938
2025-04-29 14:51:23,-50.570008769365685,98.50920783396667,-14.279450453083895,111.64807441354033
2025-04-29 14:51:24,-51.476176556562415,98.17304881613563,-14.3817597193803,111.77915404655613
2025-04-29 14:51:25,-50.686933645133,97.69073370359544,-14.498684595147617,111.00836251779631
2025-04-29 14:51:26,-50.2923121894183,98.90382928968138,-14.235603624671148,111.86570754292443
2025-04-29 14:51:27,-50.19000292312189,98.46536100555393,-14.191756796258403,111.4265214046512
2025-04-29 14:51:28,-50.38000584624379,98.52382344343759,-14.294066062554808,111.57692010259963
2025-04-29 14:51:29,-50.08769365682549,98.31920491084477,-14.337912890967552,111.27002676475662
2025-04-29 14:51:30,-50.64308681672026,98.6407483192049,-14.571762642502192,111.83494864222013
2025-04-29 14:51:31,-50.64308681672026,98.66997953814675,-13.957907044723767,111.78242381275025
2025-04-29 14:51:32,-50.570008769365685,98.55305466237942,-13.241742180648933,111.55883697044554
2025-04-29 14:51:33,-50.38000584624379,98.75767319497223,-13.373282665887167,111.66945729793001
2025-04-29 14:51:34,-50.058462437883655,99.09383221280328,-15.03946214557147,112.03402459026584
2025-04-29 14:51:35,-50.23384975153464,98.42151417714119,-14.089447529962,111.39455393097327
2025-04-29 14:51:36,-50.26308097047647,98.17304881613563,-14.966384098216896,111.30281881190334
2025-04-29 14:51:37,-50.716164864074834,98.66997953814675,-13.957907044723767,111.81555083997694
2025-04-29 14:51:38,-50.2923121894183,98.15843320666472,-14.279450453083895,111.21284719036397
2025-04-29 14:51:39,-50.67231803566209,98.1292019877229,-14.498684595147617,111.38777290548624
2025-04-29 14:51:40,-50.42385267465653,98.27535808243204,-13.899444606840106,111.32746958933507
2025-04-29 14:51:41,-50.204618532592804,99.67845659163987,-14.951768488745982,112.60485696201408
2025-04-29 14:51:42,-45.80532008184741,103.0254311604794,-11.955568547208419,113.38122610419316
2025-04-29 14:51:43,-45.46916106401637,102.95235311312483,-12.627886582870506,113.25235158240578
2025-04-29 14:51:44,-45.615317158725524,103.34697456883953,-11.970184156679334,113.59858987139013
2025-04-29 14:51:45,-45.059923998830754,103.46389944460684,-11.780181233557439,113.46342101734629
2025-04-29 14:51:46,-45.586085939783686,103.90236772873429,-11.63402513884829,114.05763364140878
2025-04-29 14:51:47,-45.279158140894474,104.29698918444899,-11.955568547208419,114.32847298103916
2025-04-29 14:51:48,-45.513007892429115,104.3846828412745,-11.882490499853844,114.49362200476016
2025-04-29 14:51:49,-46.141479099678456,104.3846828412745,-11.560947091493716,114.71204645995924
2025-04-29 14:51:50,-45.98070739549839,103.47851505407775,-12.320958783981292,113.90274165156869
2025-04-29 14:51:51,-49.92692195264542,99.97076878105817,-14.571762642502192,112.69067580261805
2025-04-29 14:51:52,-49.883075124232676,99.04998538439052,-14.089447529962,111.79326151516186
2025-04-29 14:51:53,-49.32768196433791,99.45922244957615,-14.717918737211342,111.99095619827654
2025-04-29 14:51:54,-49.40076001169248,100.1900029231219,-14.527915814089448,112.64782338496062
2025-04-29 14:51:55,-49.92692195264542,99.7076878105817,-14.440222157263957,112.44038669512439
2025-04-29 14:51:56,-49.34229757380883,101.24232680502776,-14.396375328851214,113.54262058525644
2025-04-29 14:51:57,-44.957614732534346,103.66851797719964,-11.867874890382929,113.61863930025626
2025-04-29 14:51:58,-49.356913183279744,99.47383805904705,-15.010230926629639,112.05559499485103
2025-04-29 14:51:59,-50.67231803566209,98.37766734872844,-14.410990938322128,111.59536687474422
2025-04-29 14:52:00,-50.51154633148202,98.21689564454837,-14.484068985676704,111.39013940754093
2025-04-29 14:52:01,-50.84770534931307,98.40689856767028,-14.600993861444023,111.72553802394614
2025-04-29 14:52:02,-51.22771119555686,100.13154048523822,-14.191756796258403,113.36670479133821
2025-04-29 14:52:03,-48.626132709733994,100.78924291142941,-12.890967553346973,112.6461242716554
2025-04-29 14:52:04,-49.59076293481438,99.54691610640164,-14.630225080385854,112.17341824449622
2025-04-29 14:52:05,-49.912306343174514,99.50306927798889,-14.17714118678749,112.21893981171476
2025-04-29 14:52:06,-48.74305758550131,100.21923414206373,-14.337912890967552,112.36261077811542
2025-04-29 14:52:07,-49.94153756211634,98.74305758550132,-14.557147033031278,111.60761230822564
2025-04-29 14:52:08,-50.40923706518562,99.73691902952353,-13.884828997369189,112.611423378279
2025-04-29 14:52:09,-50.160771704180064,99.18152586962876,-14.045600701549255,112.02837582886788
2025-04-29 14:52:10,-50.30692779888921,98.28997369190296,-14.86407483192049,111.41205784620693
2025-04-29 14:52:11,-51.43232972814966,96.9745688395206,-14.805612394036832,110.7635215277958
2025-04-29 14:52:12,-51.12540192926045,98.30458930137387,-13.987138263665594,111.68365608694549
2025-04-29 14:52:13,-50.19000292312189,99.23998830751243,-14.410990938322128,112.13959306383536
2025-04-29 14:52:14,-50.496930722011115,99.23998830751243,-14.820228003507745,112.33055884172725
2025-04-29 14:52:15,-49.92692195264542,98.87459807073955,-14.703303127740428,111.73661352565712
2025-04-29 14:52:16,-49.780765857936274,98.71382636655949,-15.30254311604794,111.60964112095529
2025-04-29 14:52:17,-49.985384390529084,98.58228588132125,-14.703303127740428,111.50422801455434
2025-04-29 14:52:18,-49.912306343174514,99.00613855597778,-14.308681672025724,111.79531370970669
2025-04-29 14:52:19,-50.90616778719672,98.59690149079216,-15.258696287635196,112.00720831607889
2025-04-29 14:52:20,-50.46769950306928,98.9330605086232,-14.951768488745982,112.06379672167125
2025-04-29 14:52:21,-49.459222449576146,98.99152294650688,-14.659456299327683,111.6263228794058
2025-04-29 14:52:22,-49.37152879275066,99.54691610640164,-13.724057293189126,111.96198511197946
2025-04-29 14:52:23,-48.801520023384974,99.88307512423268,-15.010230926629639,112.17630803933915
2025-04-29 14:52:24,-49.34229757380883,100.55539315989476,-15.317158725518853,113.05160226562934
2025-04-29 14:52:25,-48.7284419760304,100.93539900613855,-14.732534346682257,113.04628874145284
2025-04-29 14:52:26,-48.21689564454838,101.22771119555685,-13.987138263665594,112.9936218390013
2025-04-29 14:52:27,-45.717626425021926,102.28003507746273,-13.314820228003507,112.82105911171423
2025-04-29 14:52:28,-46.36071324174218,101.41771411867875,-12.481730488161356,112.2081194268944
2025-04-29 14:52:29,-45.98070739549839,102.39695995323007,-13.344051446945338,113.03727955534212
2025-04-29 14:52:30,-45.81993569131833,102.38234434375913,-13.007892429114293,112.91951206734832
2025-04-29 14:52:31,-46.696872259573226,102.63080970476469,-13.197895352236188,113.52473484316577
2025-04-29 14:52:32,-46.843028354282374,101.73925752703887,-13.183279742765272,112.77829885367683
2025-04-29 14:52:33,-46.463022508038584,102.13387898275359,-12.598655363928676,112.91088438952777
2025-04-29 14:52:34,-45.81993569131833,102.7331189710611,-12.759427068108739,113.20937778905565
2025-04-29 14:52:35,-46.44840689856767,102.20695703010816,-13.504823151125404,113.07562432775887
2025-04-29 14:52:36,-46.81379713534054,101.69541069862613,-13.344051446945338,112.74551817438149
2025-04-29 14:52:37,-47.32534346682257,101.63694826074247,-12.861736334405144,112.85026206236884
2025-04-29 14:52:38,-46.492253726980415,101.81233557439344,-11.955568547208419,112.56205822129331
2025-04-29 14:52:39,-47.07687810581701,101.12540192926045,-13.534054370067231,112.36436265665535
2025-04-29 14:52:40,-47.1645717626425,100.80385852090032,-13.300204618532593,112.08394249467663
2025-04-29 14:52:41,-47.20841859105525,100.05846243788366,-14.14790996784566,111.53696269739433
2025-04-29 14:52:42,-48.12920198772289,100.64308681672026,-13.577901198479978,112.38242927134385
2025-04-29 14:52:43,-53.93159894767612,94.57760888629055,-10.260157848582285,109.35635467031145
2025-04-29 14:52:44,-55.43700672318036,94.5191464484069,-10.62554808535516,110.09102157703656
2025-04-29 14:52:45,-55.96316866413329,94.34375913475593,-10.990938322128033,110.24255920382063
2025-04-29 14:52:46,-55.89009061677872,94.34375913475593,-11.195556854720841,110.22607500095368
2025-04-29 14:52:47,-56.32855890090617,92.61911721718795,-10.654779304296989,108.92534940943422
2025-04-29 14:52:48,-56.650102309266295,92.70681087401344,-10.976322712657117,109.19828997916052
2025-04-29 14:52:49,-56.518561824028055,92.73604209295527,-11.268634902075418,109.18472176215464
2025-04-29 14:52:50,-56.91318327974276,92.92604501607717,-11.137094416837181,109.53718613061565
2025-04-29 14:52:51,-56.577024261911724,93.18912598655365,-10.874013446360713,109.56010699566859
2025-04-29 14:52:52,-56.4600993861444,93.81759719380298,-10.917860274773458,110.03946582427346
2025-04-29 14:52:53,-56.59163987138264,93.2475884244373,-11.195556854720841,109.64974666451722
2025-04-29 14:52:54,-56.76702718503361,93.84682841274481,-11.283250511546331,110.25894213470318
2025-04-29 14:52:55,-56.59163987138264,94.18298743057586,-11.107863197895353,110.43746397624058
2025-04-29 14:52:56,-56.00701549254604,94.18298743057586,-10.494007600116925,110.07881313514247
2025-04-29 14:52:57,-56.08009353990061,94.03683133586671,-11.137094416837181,110.05424758356122
2025-04-29 14:52:58,-54.23852674656533,97.61765565624087,-10.727857351651563,112.18783981704827
2025-04-29 14:52:59,-55.37854428529669,95.96609178602748,-11.51710026308097,111.39532098931569
2025-04-29 14:53:00,-56.28471207249343,94.67991815258696,-11.005553931598948,110.69497699446613
2025-04-29 14:53:01,-55.78778135048231,94.09529377375037,-12.057877813504824,110.05268409149784
2025-04-29 14:53:02,-55.65624086524408,94.19760304004677,-11.619409529377375,110.02643429445344
2025-04-29 14:53:03,-55.81701256942414,93.71528792750658,-11.619409529377375,109.69550930335343
2025-04-29 14:53:04,-57.36626717334112,88.83367436422098,-11.999415375621163,106.42507354852194
2025-04-29 14:53:05,-60.932475884244376,85.15054077755042,-11.034785150540777,105.28602801612328
2025-04-29 14:53:06,-61.61940952937738,87.19672610347851,-10.304004676995032,107.267857190762
2025-04-29 14:53:07,-57.42472961122479,95.04530838935985,-10.245542239111371,111.51762799452027
2025-04-29 14:53:08,-57.10318620286466,93.55451622332652,-11.239403683133586,110.17960598700711
2025-04-29 14:53:09,-57.57088570593394,92.8675825781935,-10.844782227418884,109.80165789478518
2025-04-29 14:53:10,-55.84624378836598,94.84068985676703,-10.71324174218065,110.58179301496011
2025-04-29 14:53:11,-54.22391113709442,100.1900029231219,-11.254019292604502,114.47673202435944
2025-04-29 14:53:12,-53.37620578778135,99.59076293481438,-10.976322712657117,113.5245306818327
2025-04-29 14:53:13,-53.30312774042678,98.80152002338497,-10.990938322128033,112.79966538533887
2025-04-29 14:53:14,-55.15931014323298,98.0415083308974,-11.064016369482607,113.03583197154327
2025-04-29 14:53:15,-54.92546039169833,98.90382928968138,-11.239403683133586,113.68860031927078
2025-04-29 14:53:16,-55.086232095878394,99.31306635486699,-11.590178310435546,114.15739287753065
2025-04-29 14:53:17,-53.24466530254311,85.09207833966677,-11.210172464191757,101.00160467052366
2025-04-29 14:53:18,-53.63928675825782,79.12890967553346,-11.444022215726395,96.27836244373596
2025-04-29 14:53:19,-54.282373574978074,79.84507453960829,-11.648640748319206,97.24969326662415
2025-04-29 14:53:20,-54.73545746857644,79.71353405437007,-10.230926629640456,97.23625700032187
2025-04-29 14:53:21,-50.27769657994738,80.76585793627594,-11.60479391990646,95.84175407144558
2025-04-29 14:53:22,-52.44080678164279,82.05203156971646,-11.180941245249928,98.01830210607135
2025-04-29 14:53:23,-52.04618532592809,81.30663548669979,-10.757088570593394,97.13541751422864
2025-04-29 14:53:24,-52.66004092370652,82.85589009061678,-12.715580239695996,98.99426454914932
2025-04-29 14:53:25,-51.695410698626134,83.45513007892428,-11.824028061970184,98.87862187247585
2025-04-29 14:53:26,-53.99006138555977,84.62437883659749,-11.63402513884829,101.05227737576148
2025-04-29 14:53:27,-52.908506284712075,85.88132125109617,-12.467114878690442,101.63828181601588
2025-04-29 14:53:28,-54.37006723180357,87.82519731072786,-12.204033908213972,104.01109525955371
2025-04-29 14:53:29,-54.516223326512716,89.19906460099386,-11.414790996784566,105.16077778800783
2025-04-29 14:53:30,-55.422391113709445,90.82139725226543,-11.794796843028355,107.04804934319493
2025-04-29 14:53:31,-56.31394329143525,92.955276235019,-8.140894475299621,108.98723664639652
2025-04-29 14:53:32,-56.986261327097345,94.16837182110494,-9.32475884244373,110.46296826967775
2025-04-29 14:53:33,-55.7731657410114,93.9345220695703,-8.623209587839813,109.58421508962289
2025-04-29 14:53:34,-56.401636948260744,94.66530254311604,-9.295527623501899,110.58513005744665
2025-04-29 14:53:35,-56.34317451037708,94.09529377375037,-9.938614440222157,110.12381069172362
2025-04-29 14:53:36,-56.474714995615315,94.47529961999416,-9.573224203449284,110.48358382028142
2025-04-29 14:53:37,-56.27009646302251,94.73838059047063,-9.178602747734582,110.57093316628671
2025-04-29 14:53:38,-56.54779304296989,95.30838935983631,-8.608593978368898,111.15507127738762
2025-04-29 14:53:39,-56.38702133878982,94.86992107570885,-9.44168371821105,110.76526301962676
2025-04-29 14:53:40,-56.27009646302251,94.40222157263958,-9.14937152879275,110.28061567283471
2025-04-29 14:53:41,-56.577024261911724,94.18298743057586,-8.623209587839813,110.20777894176423
2025-04-29 14:53:42,-56.518561824028055,92.70681087401344,-8.915521777258112,108.94212748816383
2025-04-29 14:53:43,-56.78164279450453,94.67991815258696,-8.97398421514177,110.76540187493967
2025-04-29 14:53:44,-57.19087985969015,95.38146740719088,-9.207833966676409,111.59393025712647
2025-04-29 14:53:45,-56.44548377667349,95.05992399883075,-9.573224203449284,110.96904257988214
2025-04-29 14:53:46,-56.28471207249343,94.4314527915814,-9.617071031862029,110.35287103036347
2025-04-29 14:53:47,-56.6647179187372,94.69453376205787,-9.909383221280327,110.7977475269681
2025-04-29 14:53:48,-56.86933645133002,94.65068693364513,-8.272434960537854,110.73078680115032
2025-04-29 14:53:49,-56.620871090324464,94.67991815258696,-9.470914937152878,110.72446962688281
2025-04-29 14:53:50,-56.38702133878982,95.57147033031276,-9.26629640456007,111.35199309224849
2025-04-29 14:53:51,-56.69394913767904,96.00993861444023,-9.368605670856475,111.89228281606522
2025-04-29 14:53:52,-55.919321835720545,97.36919029523531,-9.5878398129202,112.6927524093491
2025-04-29 14:53:53,-57.05933937445191,96.31686641332944,-8.725518854136217,112.28909851274928
2025-04-29 14:53:54,-59.821689564454836,100.7015492546039,-9.339374451914646,117.50174670947023
2025-04-29 14:53:55,-62.364805612394036,106.44548377667348,-7.468576439637532,123.59526540105192
2025-04-29 14:53:56,-64.52791581408944,112.27711195556856,-5.232388190587548,129.60470544918687
2025-04-29 14:53:57,-64.6740719087986,117.68488745980707,-5.670856474714996,134.40471318688463
2025-04-29 14:53:58,-69.3802981584332,122.53726980415082,-8.403975445776089,141.06606631965587
2025-04-29 14:53:59,-75.7380882782812,127.12657117801814,-5.437006723180357,148.077628822305
2025-04-29 14:54:00,-74.87576731949723,138.17597193802982,-3.55159310143233,157.1992161757203
2025-04-29 14:54:01,-84.71207249342298,139.76907337035956,-6.562408652440807,163.56831693289973
2025-04-29 14:54:02,-82.00818474130371,149.3861444022216,-1.8415667933352822,170.42580166212954
2025-04-29 14:54:03,-92.6483484361298,149.5176848874598,-3.4638994446068403,175.92968243423448
2025-04-29 14:54:04,-92.15141771411868,150.2923121894183,-2.4261911721718796,176.31094490577573
2025-04-29 14:54:05,-75.7380882782812,122.33265127155803,-5.80239695995323,143.99723397919217
2025-04-29 14:54:06,-76.29348143817597,122.42034492838351,-5.349313066354867,144.34698234678677
2025-04-29 14:54:07,-67.43642209880151,106.22624963460976,-6.752411575562702,126.0050879885727
2025-04-29 14:54:08,-58.17012569424145,86.91902952353114,-8.257819351066939,104.91364447502137
2025-04-29 14:54:09,-59.93861444022216,90.23677287342882,-8.28705057000877,108.64615909812123
2025-04-29 14:54:10,-61.51710026308097,92.45834551300788,-7.936275942706811,111.33680323962732
2025-04-29 14:54:11,-62.291727565039466,93.29143525285004,-7.950891552177726,112.45784939722215
2025-04-29 14:54:12,-62.16018707980123,93.43759134755919,-7.746273019584916,112.49212008102303
2025-04-29 14:54:13,-62.014030985092084,93.70067231803566,-8.593978368897984,112.69167003854784
2025-04-29 14:54:14,-62.540192926045016,93.84682841274481,-8.301666179479685,113.08147768628432
2025-04-29 14:54:15,-63.43174510377083,94.19760304004677,-7.629348143817598,113.81995281364141
2025-04-29 14:54:16,-64.30868167202573,94.78222741888337,-8.140894475299621,114.82835597419667
2025-04-29 14:54:17,-65.53639286758258,95.00146156094709,-8.038585209003216,115.69319487754083
2025-04-29 14:54:18,-66.47179187372113,96.46302250803859,-8.46243788365975,117.45308289365782
2025-04-29 14:54:19,-68.24028061970185,106.09470914937154,-7.424729611224788,126.36435343222864
2025-04-29 14:54:20,-69.14644840689857,106.12394036831336,-6.547793042969892,126.83215538781472
2025-04-29 14:54:21,-68.7810581701257,106.60625548085356,-7.176264250219234,127.07173737397396
2025-04-29 14:54:22,-69.02952353113125,106.57702426191172,-7.176264250219234,127.18190118113543
2025-04-29 14:54:23,-68.73721134171295,108.5209003215434,-7.176264250219234,128.6588076978123
2025-04-29 14:54:24,-67.20257234726688,108.33089739842153,-7.147033031277404,127.68261096322843
2025-04-29 14:54:25,-65.87255188541363,106.41625255773167,-7.877813504823152,125.40204083644021
2025-04-29 14:54:26,-65.11254019292605,103.09850920783397,-7.424729611224788,122.16411953209925
2025-04-29 14:54:27,-65.88716749488454,101.6661794796843,-8.930137386729028,121.47789199784546
2025-04-29 14:54:28,-63.40251388482899,99.03536977491962,-8.082432037415959,117.86945720164508
2025-04-29 14:54:29,-62.686349020754164,97.5445776088863,-7.6585793627594265,116.20317040555965
2025-04-29 14:54:30,-61.677871967261034,93.90529085062848,-8.725518854136217,112.68761342501162
2025-04-29 14:54:31,-60.420929552762345,91.63987138263666,-9.222449576147325,110.15265921089076
2025-04-29 14:54:32,-59.73399590762934,89.97369190295235,-9.134755919321835,108.3829288561887
2025-04-29 14:54:33,-56.91318327974276,85.98363051739257,-8.944752996199941,103.50025968154912
2025-04-29 14:54:34,-56.518561824028055,82.9728149663841,-8.696287635194388,100.7693468904921
2025-04-29 14:54:35,-55.1885413621748,80.76585793627594,-9.967845659163988,98.3272945470997
2025-04-29 14:54:36,-53.24466530254311,77.46273019584918,-10.406313943291435,94.57145617183392
2025-04-29 14:54:37,-53.74159602455423,76.24963460976323,-9.719380298158434,93.7903634429946
2025-04-29 14:54:38,-52.41157556270096,75.08038585209003,-9.953230049693072,92.10376963558846
2025-04-29 14:54:39,-51.60771704180064,73.41420637240573,-10.800935399006137,90.38618456960246
2025-04-29 14:54:40,-60.333235895936866,112.96404560070155,-7.512423268050278,128.28644299188628
2025-04-29 14:54:41,-61.61940952937738,128.690441391406,-7.410114001753873,142.87438932776936
2025-04-29 14:54:42,-62.21864951768489,127.84273604209295,-7.439345220695703,142.37369617961548
2025-04-29 14:54:43,-60.43554516223326,126.2350190002923,-7.7755042385267465,140.1720143510246
2025-04-29 14:54:44,-60.64016369482608,123.60420929552762,-8.608593978368898,137.94686621591774
2025-04-29 14:54:45,-55.56854720841859,103.66851797719964,-8.506284712072494,117.92956346076267
2025-04-29 14:54:46,-49.210757088570595,70.92955276235018,-10.084770534931305,86.91606678307261
2025-04-29 14:54:47,-46.316866413329436,60.36246711487869,-10.47939199064601,76.80297655064308
2025-04-29 14:54:48,-47.193802981584334,64.10406313943291,-11.283250511546331,80.3983687207353
2025-04-29 14:54:49,-46.638409821689564,69.16106401636948,-11.940952937737503,84.26731515619498
2025-04-29 14:54:50,-45.586085939783686,58.68167202572347,-11.853259280912013,75.24712365681792
2025-04-29 14:54:51,-47.193802981584334,66.69102601578486,-11.31248173048816,82.4798171300429
2025-04-29 14:54:52,-47.09149371528793,66.85179771996492,-11.122478807366267,82.52563949190834
2025-04-29 14:54:53,-47.17918737211342,63.15404852382345,-10.5670856474715,79.53598471838663
2025-04-29 14:54:54,-46.72610347851505,62.510961707103185,-11.867874890382929,78.94172239219004
2025-04-29 14:54:55,-48.59690149079216,67.97719964922537,-10.932475884244374,84.27382473589287
2025-04-29 14:54:56,-67.77258111663257,99.26921952645425,-8.067816427945045,120.4682130626869
2025-04-29 14:54:57,-73.04881613563285,109.99707687810583,-6.240865244080678,132.19090308920727
2025-04-29 14:54:58,-70.18415667933353,108.0093539900614,-7.205495469161064,129.01068003501
2025-04-29 14:54:59,-73.44343759134756,113.46097632271265,-6.299327681964338,135.30341164428222
2025-04-29 14:55:00,-75.91347559193218,116.92487576731949,-5.8900906167787195,139.5312707500503
2025-04-29 14:55:01,-66.39871382636656,100.7015492546039,-8.067816427945045,120.89119439391835
2025-04-29 14:55:02,-65.03946214557146,99.50306927798889,-7.804735457468577,119.12978774213671
2025-04-29 14:55:03,-49.94153756211634,72.39111370944168,-10.71324174218065,88.59686262384236
2025-04-29 14:55:04,-44.47529961999415,64.80561239403683,-11.268634902075418,79.40278210875651
2025-04-29 14:55:05,-45.36685179771997,64.41099093832213,-10.947091493715288,79.54096936714234
2025-04-29 14:55:06,-46.36071324174218,65.33177433498977,-11.926337328266587,80.99255516471055
2025-04-29 14:55:07,-47.77842736042093,67.18795673779596,-11.414790996784566,83.23038570819695
2025-04-29 14:55:08,-48.99152294650687,70.0526161940953,-11.107863197895353,86.20280146885302
2025-04-29 14:55:09,-49.07921660333236,71.90879859690149,-11.22478807366267,87.78177877751848
2025-04-29 14:55:10,-49.210757088570595,73.94036831335866,-11.005553931598948,89.49859717831765
2025-04-29 14:55:11,-48.830751242326805,75.91347559193218,-10.903244665302543,90.91852829631776
2025-04-29 14:55:12,-49.37152879275066,76.24963460976323,-11.22478807366267,91.52895990206844
2025-04-29 14:55:13,-49.82461268634902,78.13504823151125,-10.216311020169542,93.23063231763538
2025-04-29 14:55:14,-50.365390236772875,79.64045600701549,-10.230926629640456,94.78368333425786
2025-04-29 14:55:15,-43.84682841274481,72.44957614732535,-12.145571470330314,85.5511563459237
2025-04-29 14:55:16,-37.98596901490792,65.62408652440807,-11.707103186202865,76.72360027512357
2025-04-29 14:55:17,-40.16369482607425,70.59339374451915,-11.853259280912013,82.07953081025296
2025-04-29 14:55:18,-42.999123063431746,72.63957907044724,-11.297866121017247,85.16498582542202
2025-04-29 14:55:19,-46.05378544285297,75.59193218357206,-11.385559777842737,89.24529307653665
2025-04-29 14:55:20,-47.17918737211342,78.74890382928969,-10.494007600116925,92.39799657416287
2025-04-29 14:55:21,-48.40689856767027,82.27126571178019,-9.997076878105817,95.97776063685698
2025-04-29 14:55:22,-48.59690149079216,84.69745688395206,-9.997076878105817,98.15935810314488
2025-04-29 14:55:24,-52.528500438468285,90.07600116924876,-10.216311020169542,104.7726221673272
2025-04-29 14:55:25,-60.11400175387314,101.6661794796843,-7.819351066939491,118.36742587370941
2025-04-29 14:55:26,-57.38088278281205,97.89535223618824,-8.097047646886875,113.76127583223625
2025-04-29 14:55:27,-55.96316866413329,96.75533469745689,-8.681672025723474,112.11084902233755
2025-04-29 14:55:28,-55.30546623794213,96.389944460684,-9.06167787196726,111.498116552636
2025-04-29 14:55:29,-55.217772581116634,95.33762057877814,-8.769365682548964,110.52224247144665
2025-04-29 14:55:30,-54.662379421221864,95.45454545454545,-9.163987138263666,110.37900448995617
2025-04-29 14:55:31,-53.85852090032154,93.97836889798305,-9.383221280327389,108.7231297189855
2025-04-29 14:55:32,-54.282373574978074,93.23297281496639,-10.143232972814967,108.35981024342254
2025-04-29 14:55:33,-55.115463314820225,91.21601870798011,-8.710903244665303,106.92967876450294
2025-04-29 14:55:34,-55.086232095878394,89.4329143525285,-8.97398421514177,105.41950260175436
2025-04-29 14:55:35,-49.23998830751242,84.66822566501023,-9.953230049693072,98.44974186968277
2025-04-29 14:55:36,-46.71148786904414,82.53434668225665,-10.084770534931305,95.3707716124233
2025-04-29 14:55:37,-47.73458053200819,82.16895644548377,-9.690149079216603,95.52081747495687
2025-04-29 14:55:38,-48.933060508623214,83.2651271558024,-10.09938614440222,97.1057331546715
2025-04-29 14:55:39,-54.82315112540193,100.52616194095295,-8.0239695995323,114.78445548954603
2025-04-29 14:55:40,-58.7109032446653,122.34726688102894,-59.26629640456007,148.0821318139881
2025-04-29 14:55:41,-63.9871382636656,132.987430575855,-5.7731657410114,147.69339862368426
2025-04-29 14:55:42,-62.21864951768489,124.53960830166618,-7.147033031277404,139.39998014665252
2025-04-29 14:55:43,-61.2540192926045,119.62876351943876,-8.009353990061385,134.6374602108443
2025-04-29 14:55:44,-61.21017246419176,113.92867582578194,-8.097047646886875,129.5839132342752
2025-04-29 14:55:45,-59.441683718211046,111.07863197895351,-7.293189125986553,126.19416330876416
2025-04-29 14:55:46,-59.353990061385566,108.56474714995615,-8.19935691318328,124.00173351099062
2025-04-29 14:55:47,-59.10552470038001,105.55393159894768,-7.16164864074832,121.18739512571466
2025-04-29 14:55:48,-58.944752996199945,103.40543700672318,-7.527038877521193,119.26367687857915
2025-04-29 14:55:49,-58.68167202572347,100.78924291142941,-7.600116924875768,116.87502682637331
2025-04-29 14:55:50,-58.69628763519439,98.18766442560654,-8.871674948845367,114.73786752379078
2025-04-29 14:55:51,-58.287050570008766,96.72610347851506,-8.97398421514177,113.2865912232369
2025-04-29 14:55:52,-56.34317451037708,94.7237649809997,-8.959368605670855,110.577643544682
2025-04-29 14:55:53,-56.518561824028055,93.11604793919906,-9.383221280327389,109.32973546143468
2025-04-29 14:55:54,-56.41625255773166,91.53756211634025,-8.37474422683426,107.85200587715329
2025-04-29 14:55:55,-55.539315989476755,91.47909967845659,-9.193218357205495,107.41301858863852
2025-04-29 14:55:56,-55.30546623794213,92.5606547793043,-8.403975445776089,108.15172773591235
2025-04-29 14:55:57,-55.466237942122184,91.68371821104941,-8.447822274188834,107.48848048805746
